entry_num,item_zh,item_en,compatibility,reason,pg_num,source
1,麵包;核桃,bread;walnut,good,預防心臟病,57,吃對食物健康100分
2,麵包;萵苣,bread;lettuce,good,促進吸收鐵質,57,吃對食物健康100分
3,麵包;奶酥,bread;butter biscuit||soufflé,bad,熱量過高易發胖,57,吃對食物健康100分
4,麵包;巧克力,bread;chocolate,bad,糖分含量過高,57,吃對食物健康100分
5,麵條;牡蠣,noodle;oyster,good,預防感冒、促進發育,59,吃對食物健康100分
6,麵條;芝麻,noodle;sesame seed,good,調節蛋白質代謝,59,吃對食物健康100分
7,麵條;番茄,noodle;tomato,good,消除疲勞、提高免疫力,59,吃對食物健康100分
8,麵條;鮮蛤蜊,noodle;fresh clam,bad,破壞維生素B1,59,吃對食物健康100分
9,麵條;蘋果,noodle;apple,bad,噁心、腹痛,59,吃對食物健康100分
10,腰果;大蒜,cashew;garlic,good,護膚、集中注意力,60,吃對食物健康100分
11,腰果;蝦仁,cashew;shrimp,good,豐潤毛髮、減輕關節炎疼痛,60,吃對食物健康100分
12,腰果;鮮蛤蜊,cashew;fresh clam,bad,破壞維生素B1,60,吃對食物健康100分
13,腰果;酒,cashew;wine||liqueur,bad,容易形成脂肪肝,60,吃對食物健康100分
14,杏仁;枇杷,almond;loquat,good,防癌、抗老,61,吃對食物健康100分
15,杏仁;牛奶,almond;milk,good,提高免疫力,61,吃對食物健康100分
16,杏仁;麥片,almond;oatmeal,bad,干擾鈣質吸收,61,吃對食物健康100分
17,杏仁;醋,almond;vinegar,bad,營養價值流失,61,吃對食物健康100分
18,薏仁;龍眼,job's tear||pearl barley;longan,good,改善皮膚乾燥與粗燥,62,吃對食物健康100分
19,薏仁;紅豆,job's tear||pearl barley;azuki bean||adzuki bean,good,預防貧血、刺激食慾,62,吃對食物健康100分
20,薏仁;海帶,job's tear||pearl barley;kelp,bad,靜脈曲張、瘀血,62,吃對食物健康100分
21,燕麥;黃豆,oatmeal;soybean,good,幫助成長發育,63,吃對食物健康100分
22,燕麥;香菇,oatmeal;mushroom,good,防癌、抗老,63,吃對食物健康100分
23,燕麥;菠菜,oatmeal;spinach,bad,阻礙鈣質的攝取,63,吃對食物健康100分
24,芝麻;蔥,sesame seed;scallion||green onion,good,護膚、集中注意力,64,吃對食物健康100分
25,芝麻;檸檬,sesame seed;lemon,good,紅潤臉色、預防貧血,64,吃對食物健康100分
26,芝麻;巧克力,sesame seed;chocolate,bad,影響吸收、消化,64,吃對食物健康100分
27,芝麻;豬肉,sesame seed;pork,bad,影響蛋白質的消化,64,吃對食物健康100分
28,蓮子;花生,lotus seed;peanut,good,幫助骨骼成長,65,吃對食物健康100分
29,蓮子;白木耳,lotus seed;white fungus||white wood ear,good,強健骨骼、牙齒,65,吃對食物健康100分
30,蓮子;麥片,lotus seed;oatmeal,bad,影響鈣質吸收,65,吃對食物健康100分
31,蓮子;黃豆,lotus seed;soybean,bad,腹瀉、腹脹,65,吃對食物健康100分
32,糙米;芝麻,brown rice;sesame seed,good,維持皮膚健康、預防動脈硬化,66,吃對食物健康100分
33,糙米;南瓜,brown rice;pumpkin,good,預防貧血、疲勞,66,吃對食物健康100分
34,糙米;羊肉,brown rice;lamb||mutton,bad,使蛋白質的消化困難,66,吃對食物健康100分
35,糙米;牛肝,brown rice;beef liver,bad,阻礙對礦物質的攝取,66,吃對食物健康100分
36,小米;黃豆,millet;soybean,good,保健眼睛與皮膚,67,吃對食物健康100分
37,小米;胡蘿蔔,millet;carrot,good,延遲老化,67,吃對食物健康100分
38,小米;醋,millet;vinegar,bad,營養價值流失,67,吃對食物健康100分
39,小米;蛋,millet;egg,bad,引起腸胃病,67,吃對食物健康100分
40,粳米;山藥,japonica rice;chinese yam||common yam,good,預防貧血、消除疲勞,69,吃對食物健康100分
41,粳米;香菇,japonica rice;mushroom,good,對骨骼與牙齒有益,69,吃對食物健康100分
42,粳米;青菜,japonica rice;vegetable,good,促進成長發育,69,吃對食物健康100分
43,粳米;牛肉,japonica rice;beef,bad,不利消化,69,吃對食物健康100分
44,粳米;豬肝,japonica rice;pork liver,bad,阻礙人體吸收鐵質,69,吃對食物健康100分
45,糯米;蓮子,glutinous rice||sticky rice;lotus seed,good,幫助骨骼發育,71,吃對食物健康100分
46,糯米;百合,glutinous rice||sticky rice;lily bulb||lily bud,good,改善氣色、消除疲勞,71,吃對食物健康100分
47,黑糯米;葵瓜子,black glutinous rice||black sticky rice;sunflower seed,good,刺激食慾、幫助成長,71,吃對食物健康100分
48,糯米;蘋果,glutinous rice||sticky rice;apple,bad,產生不易消化的物質,71,吃對食物健康100分
49,糯米;生蛋白,glutinous rice||sticky rice;raw egg white,bad,降低營養價值,71,吃對食物健康100分
50,花生;蝦仁,peanut;shrimp,good,強健骨骼、牙齒,73,吃對食物健康100分
51,花生;魩仔魚,peanut;whitebait,good,強化對鈣質的吸收,73,吃對食物健康100分
52,花生;瘦豬肉,peanut;lean pork,good,使皮膚恢復血色,73,吃對食物健康100分
53,花生;粳米,peanut;japonica rice,bad,誘發腸胃疾病,73,吃對食物健康100分
54,花生;牛油,peanut;beef tallow||beef lard,bad,容易消化不良,73,吃對食物健康100分
55,栗子;柚子,chestnut;pomelo||grapefruit,good,預防感冒、幫助傷口癒合,74,吃對食物健康100分
56,栗子;玉米,chestnut;corn,good,促進腸胃蠕動,74,吃對食物健康100分
57,栗子;牛肉,chestnut;beef,bad,使維生素C氧化、失去營養價值,74,吃對食物健康100分
58,栗子;黃豆,chestnut;soybean,bad,腹瀉、腹脹,74,吃對食物健康100分
59,松子;牛肉,pine nut;beef,good,防止動脈硬化,75,吃對食物健康100分
60,松子;芒果,pine nut;mango,good,防老、抗癌,75,吃對食物健康100分
61,松子;黃豆,pine nut;soybean,bad,阻礙蛋白質吸收,75,吃對食物健康100分
62,松子;酒,pine nut;wine||liqueur,bad,形成脂肪肝,75,吃對食物健康100分
63,蕎麥;蛋,buckwheat||soba;egg,good,維持皮膚、神經系統健康,76,吃對食物健康100分
64,蕎麥;蟹,buckwheat||soba;crab,good,維持骨骼、牙齒的健康,76,吃對食物健康100分
65,蕎麥;海帶,buckwheat||soba;kelp,bad,易靜脈曲張、瘀血,76,吃對食物健康100分
66,蕎麥;鮮蛤蜊,buckwheat||soba;fresh clam,bad,失去營養價值,76,吃對食物健康100分
67,高麗菜;豬肉,cabbage;pork,good,恢復肌膚彈性、預防斑點,79,吃對食物健康100分
68,高麗菜;竹筍,cabbage;bamboo shoot,good,促進血液循環,79,吃對食物健康100分
69,高麗菜;美乃滋,cabbage;mayonnaise,good,護膚、防老、抗癌,79,吃對食物健康100分
70,高麗菜;小黃瓜,cabbage;cucumber,bad,破壞維生素C,79,吃對食物健康100分
71,高麗菜;蜂蜜,cabbage;honey,bad,營養價值降低,79,吃對食物健康100分
72,大白菜;番茄,napa cabbage||chinese cabbage;tomato,good,預防感冒、舒緩情緒,82,吃對食物健康100分
73,大白菜;乳酪,napa cabbage||chinese cabbage;cheese,good,預防骨骼疏鬆,82,吃對食物健康100分
74,大白菜;美乃滋,napa cabbage||chinese cabbage;mayonnaise,good,護膚美顏、防癌抗老,82,吃對食物健康100分
75,大白菜;瘦肉,napa cabbage||chinese cabbage;lean meat,good,美白肌膚、消除疲勞,82,吃對食物健康100分
76,大白菜;蛋,napa cabbage||chinese cabbage;egg,bad,加速維生素C氧化,82,吃對食物健康100分
77,大白菜;小黃瓜,napa cabbage||chinese cabbage;cucumber,bad,營養價值降低,82,吃對食物健康100分
78,大白菜;豬肝,napa cabbage||chinese cabbage;pork liver,bad,維生素C被氧化,82,吃對食物健康100分
79,青江菜;芥花油,bok choy;canola oil,good,護膚、抗癌、降膽固醇,83,吃對食物健康100分
80,青江菜;芝麻油,bok choy;sesame seed oil,good,保護眼睛、防癌,83,吃對食物健康100分
81,青江菜;竹筍,bok choy;bamboo shoot,bad,破壞維生素C,83,吃對食物健康100分
82,青江菜;豆腐,bok choy;tofu,bad,影響人體吸收鈣質,83,吃對食物健康100分
83,空心菜;蛋,water spinach;egg,good,護眼、防癌、抗老,85,吃對食物健康100分
84,空心菜;橄欖油,water spinach;olive oil,good,防止老化,85,吃對食物健康100分
85,空心菜;雞肉,water spinach;chicken,good,降低對膽固醇的吸收,85,吃對食物健康100分
86,空心菜;乳酪,water spinach;cheese,bad,阻礙鈣質吸收,85,吃對食物健康100分
87,空心菜;枸杞,water spinach;goji berry||wolfberry,bad,鉀含量過高,85,吃對食物健康100分
88,地瓜葉;瘦肉,sweet potato leaf;lean meat,good,降低對膽固醇的吸收,86,吃對食物健康100分
89,地瓜葉;大蒜,sweet potato leaf;garlic,good,消除疲勞、護膚,86,吃對食物健康100分
90,地瓜葉;豬肝,sweet potato leaf;pork liver,bad,干擾人體吸收礦物質,86,吃對食物健康100分
91,地瓜葉;鮮蛤蜊,sweet potato leaf;fresh clam,bad,破壞維生素B1,86,吃對食物健康100分
92,芹菜;章魚,celery;octopus,good,強心肝、降膽固醇,87,吃對食物健康100分
93,芹菜;橄欖油,celery;olive oil,good,護眼、抗癌,87,吃對食物健康100分
94,芹菜;生蛤蜊,celery;raw clam,bad,破壞維生素B1,87,吃對食物健康100分
95,芹菜;蜂蜜,celery;honey,bad,容易腹瀉,87,吃對食物健康100分
96,菠菜;大蒜,spinach;garlic,good,消除疲勞,89,吃對食物健康100分
97,菠菜;海帶,spinach;kelp,good,有益於骨骼牙齒,89,吃對食物健康100分
98,菠菜;蛋,spinach;egg,good,維持鈣與磷的平衡,89,吃對食物健康100分
99,菠菜;核桃,spinach;walnut,bad,易引起結石,89,吃對食物健康100分
100,菠菜;乳酪,spinach;cheese,bad,影響鈣質吸收,89,吃對食物健康100分
101,韭菜;葵花油,garlic chive||chinese leek||chinese chive;sunflower oil,good,預防癌症、心臟病,90,吃對食物健康100分
102,韭菜;瘦肉,garlic chive||chinese leek||chinese chive;lean meat,good,消除疲勞、養顏美容,90,吃對食物健康100分
103,韭菜;蜂蜜,garlic chive||chinese leek||chinese chive;honey,bad,引起腹瀉,90,吃對食物健康100分
104,韭菜;醋,garlic chive||chinese leek||chinese chive;vinegar,bad,降低營養價值,90,吃對食物健康100分
105,豆芽菜;青橄欖油,bean sprout;green olive oil,good,改善肌膚粗燥,91,吃對食物健康100分
106,豆芽菜;瘦肉,bean sprout;lean meat,good,護膚、提高免疫力,91,吃對食物健康100分
107,豆芽菜;蘋果,bean sprout;apple,bad,造成消化不良,91,吃對食物健康100分
108,豆芽菜;低鈉鹽,bean sprout;low sodium salt,bad,鉀攝取過量,91,吃對食物健康100分
109,紅蘿蔔;芝麻油,carrot;sesame seed oil,good,保護眼睛、預防感冒,93,吃對食物健康100分
110,紅蘿蔔;青花魚; 鯖魚,carrot;atlantic mackerel,good,預防動脈硬化、痴呆症,93,吃對食物健康100分
111,紅蘿蔔;乾香菇,carrot;dry mushroom||dried mushroom,good,保護眼睛、抗老,93,吃對食物健康100分
112,紅蘿蔔;醋,carrot;vinegar,bad,破壞類胡蘿蔔素,93,吃對食物健康100分
113,紅蘿蔔;玉米,carrot;corn,bad,降低營養價值,93,吃對食物健康100分
114,白蘿蔔;高麗菜,white radish;cabbage,good,保健肌膚,95,吃對食物健康100分
115,白蘿蔔;大豆油,white radish;soybean oil,good,幫助人體吸收鈣質,95,吃對食物健康100分
116,白蘿蔔;蛤蜊,white radish;clam,good,強心、護肝,95,吃對食物健康100分
117,白蘿蔔;胡蘿蔔,white radish;carrot,bad,破壞維生素C,95,吃對食物健康100分
118,白蘿蔔;蜂蜜,white radish;honey,bad,易引起腹瀉,95,吃對食物健康100分
119,山藥;豬肉,chinese yam||common yam;pork,good,肌膚光澤、消除疲勞,97,吃對食物健康100分
120,山藥;鮑魚,chinese yam||common yam;abalone,good,加強人體對鈣的吸收,97,吃對食物健康100分
121,山藥;食鹽,chinese yam||common yam;salt,good,維持體內酸鹼平衡,97,吃對食物健康100分
122,山藥;胡蘿蔔,chinese yam||common yam;carrot,bad,破壞維生素C,97,吃對食物健康100分
123,山藥;鳳梨,chinese yam||common yam;pineapple,bad,有礙腸胃健康,97,吃對食物健康100分
124,地瓜;牛奶,sweet potato;milk,good,護肝、強心,98,吃對食物健康100分
125,地瓜;乳酪,sweet potato;cheese,good,預防癌症、心臟病,98,吃對食物健康100分
126,地瓜;蜂蜜,sweet potato;honey,bad,容易拉肚子,98,吃對食物健康100分
127,地瓜;醋,sweet potato;vinegar,bad,對胃不利,98,吃對食物健康100分
128,芋頭;洋蔥,taro;onion,good,養顏美容,99,吃對食物健康100分
129,芋頭;鴨,taro;duck,good,預防貧血,99,吃對食物健康100分
130,芋頭;生鮮蟹肉,taro;fresh raw crab,bad,降低營養價值,99,吃對食物健康100分
131,芋頭;醋,taro;vinegar,bad,干擾澱粉分解,99,吃對食物健康100分
132,馬鈴薯;蛋,potato;egg,good,光澤肌膚、消除疲勞,100,吃對食物健康100分
133,馬鈴薯;豬肉,potato;pork,good,消除疲勞,100,吃對食物健康100分
134,馬鈴薯;芋頭,potato;taro,bad,澱粉攝取過量,100,吃對食物健康100分
135,馬鈴薯;食用醋,potato;vinegar,bad,干擾體內澱粉分解,100,吃對食物健康100分
136,南瓜;蝦,pumpkin;shrimp,good,美膚、消除疲勞,101,吃對食物健康100分
137,南瓜;糙米,pumpkin;brown rice,good,防治貧血,101,吃對食物健康100分
138,南瓜;醋,pumpkin;vinegar,bad,影響澱粉分解消化,101,吃對食物健康100分
139,南瓜;豬肝,pumpkin;pork liver,bad,影響人體吸收銅,101,吃對食物健康100分
140,小黃瓜;千島醬,cucumber;thousand island dressing,good,護膚、防老、抗癌,102,吃對食物健康100分
141,小黃瓜;魷魚,cucumber;squid,good,降低膽固醇、強化心肝功能,102,吃對食物健康100分
142,小黃瓜;海帶,cucumber;kelp,bad,妨礙維生素C的吸收,102,吃對食物健康100分
143,生小黃瓜;香菜,raw cucumber;parsley||coriander||cilantro,bad,降低營養價值,102,吃對食物健康100分
144,大黃瓜;番茄,big cucumber;tomato,good,維持體內鹽分平衡,103,吃對食物健康100分
145,大黃瓜;蘋果,big cucumber;apple,good,促進腸胃蠕動,103,吃對食物健康100分
146,大黃瓜;蔥,big cucumber;scallion||green onion,bad,影響鈣質吸收,103,吃對食物健康100分
147,大黃瓜;枸杞,big cucumber;goji berry||wolfberry,bad,鉀含量容易過高,103,吃對食物健康100分
148,絲瓜;蛋,sponge gourd||loofah;egg,good,加速傷口癒合,105,吃對食物健康100分
149,絲瓜;蝦,sponge gourd||loofah;shrimp,good,防治甲狀腺腫大,105,吃對食物健康100分
150,絲瓜;香菜;芥花油,sponge gourd||loofah;parsley||coriander||cilantro;canola oil,good,防老、降低致癌率,105,吃對食物健康100分
151,絲瓜;竹筍,sponge gourd||loofah;bamboo shoot,bad,破壞類胡蘿蔔素,105,吃對食物健康100分
152,絲瓜;泥鰍,sponge gourd||loofah;mud loach||pond loach,bad,破壞維生素B1,105,吃對食物健康100分
153,苦瓜;瘦肉,bitter melon||bitter gourd;lean meat,good,增強體力、促進發育,106,吃對食物健康100分
154,苦瓜;蘆筍,bitter melon||bitter gourd;asparagus,good,使皮膚恢復血色,106,吃對食物健康100分
155,苦瓜;低鈉鹽,bitter melon||bitter gourd;low sodium salt,bad,易腹脹、腹瀉,106,吃對食物健康100分
156,苦瓜;蚵仔,bitter melon||bitter gourd;oyster,bad,降低營養價值,106,吃對食物健康100分
157,冬瓜;蝦,wax gourd||winter melon;shrimp,good,幫助人體吸收鈣質,107,吃對食物健康100分
158,冬瓜;鴨,wax gourd||winter melon;duck,good,預防貧血、促進食慾,107,吃對食物健康100分
159,冬瓜;豬肝,wax gourd||winter melon;pork liver,bad,使維生素C氧化,107,吃對食物健康100分
160,茄子;辣椒,eggplant;chili pepper,good,抗壓、美白肌膚,108,吃對食物健康100分
161,茄子;乳酪,eggplant;cheese,good,加強人體對鈣質的吸收,108,吃對食物健康100分
162,茄子;扁豆,eggplant;hyacinth bean||lentil,bad,影響人體吸收鈣質,108,吃對食物健康100分
163,茄子;胡蘿蔔,eggplant;carrot,bad,降低營養價值,108,吃對食物健康100分
164,茭白筍;瘦肉,water bamboo shoot||zizania shoot;lean meat,good,使皮膚恢復血色,109,吃對食物健康100分
165,茭白筍;髮菜,water bamboo shoot||zizania shoot;fat choy||black moss,good,幫助人體吸收鈣質,109,吃對食物健康100分
166,茭白筍;無鹽醬油,water bamboo shoot||zizania shoot;unsalted soy sauce,bad,鉀含量過高,109,吃對食物健康100分
167,茭白筍;鮮蟹肉,water bamboo shoot||zizania shoot;fresh crab,bad,破壞維生素B1,109,吃對食物健康100分
168,竹筍;蛋,bamboo shoot;egg,good,維持皮膚、消化系統健康,111,吃對食物健康100分
169,竹筍;牡蠣,bamboo shoot;oyster,good,幫助傷口癒合、預防感冒,111,吃對食物健康100分
170,竹筍;瘦肉,bamboo shoot;lean meat,good,使皮膚恢復血色,111,吃對食物健康100分
171,竹筍;胡蘿蔔,bamboo shoot;carrot,bad,破壞類胡蘿蔔素,111,吃對食物健康100分
172,竹筍;花枝羹,bamboo shoot;squid thick soup,bad,降低鈣質吸收,111,吃對食物健康100分
173,蘆筍;蛋,asparagus;egg,good,使皮膚恢復血色,113,吃對食物健康100分
174,蘆筍;蝦;海苔,asparagus;shrimp;seaweed,good,防治甲狀腺功能失調,113,吃對食物健康100分
175,蘆筍;蟹肉,asparagus;crab,good,減輕關節炎疼痛,113,吃對食物健康100分
176,蘆筍;甜椒,asparagus;sweet bell pepper,bad,降低營養價值,113,吃對食物健康100分
177,蘆筍;香蕉,asparagus;banana,bad,刺激腸胃產生不適,113,吃對食物健康100分
178,四季豆;乾香菇,green bean||string bean;dry mushroom||dried mushroom,good,保護眼睛、抗老,114,吃對食物健康100分
179,四季豆;花椒粉,green bean||string bean;prickly ash powder||pricklyash powder,good,強化人體對鈣質的吸收,114,吃對食物健康100分
180,四季豆;醋,green bean||string bean;vinegar,bad,破壞類胡蘿蔔素,114,吃對食物健康100分
181,四季豆;小魚乾,green bean||string bean;dry clove fish||dry fish||anchovy||dried clove fish||dried fish||dried anchovy,bad,影響鈣質吸收,114,吃對食物健康100分
182,豌豆;紅辣椒,green pea;red pepper,good,美白肌膚、防斑,115,吃對食物健康100分
183,豌豆;糙米,green pea;brown rice,good,防老、抗癌,115,吃對食物健康100分
184,豌豆;食用醋,green pea;vinegar,bad,引起消化不良,115,吃對食物健康100分
185,豌豆;菠菜,green pea;spinach,bad,影響鈣質吸收,115,吃對食物健康100分
186,青椒;雞肉,green bell pepper;chicken,good,護髮、護膚,117,吃對食物健康100分
187,青椒;牛肉,green bell pepper;beef,good,消除疲勞、提高免疫力,117,吃對食物健康100分
188,甜椒;花椰菜,sweet bell pepper;broccoli,good,護膚,117,吃對食物健康100分
189,甜椒;葵瓜子,sweet bell pepper;sunflower seed,bad,妨礙維生素E的吸收,117,吃對食物健康100分
190,甜椒;香菜,sweet bell pepper;parsley||coriander||cilantro,bad,使維生素C氧化,117,吃對食物健康100分
191,洋蔥;豬肉,onion;pork,good,消除疲勞,119,吃對食物健康100分
192,洋蔥;松子,onion;pine nut,good,抗癌防老、預防心臟病,119,吃對食物健康100分
193,洋蔥;蛋,onion;egg,good,護膚、促進血液循環,119,吃對食物健康100分
194,洋蔥;甜椒,onion;sweet bell pepper,bad,降低營養價值,119,吃對食物健康100分
195,洋蔥;蘋果,onion;apple,bad,誘發甲狀腺腫大,119,吃對食物健康100分
196,花椰菜;豬肉,broccoli;pork,good,美白肌膚、提高免疫力,121,吃對食物健康100分
197,白花椰菜;蝦,cauliflower;shrimp,good,補充甲狀腺激素的不足,121,吃對食物健康100分
198,花椰菜;糙米,broccoli;brown rice,good,護膚、防癌、抗老,121,吃對食物健康100分
199,花椰菜;牛肝,broccoli;beef liver,bad,破壞維生素C,121,吃對食物健康100分
200,花椰菜;豬肝,broccoli;pork liver,bad,降低礦物質的吸收率,121,吃對食物健康100分
201,玉米;草莓,corn;strawberry,good,預防黑斑、雀斑,122,吃對食物健康100分
202,玉米;馬鈴薯,corn;potato,bad,澱粉含量過高,122,吃對食物健康100分
203,玉米;可樂,corn;cola,bad,干擾鈣質吸收,122,吃對食物健康100分
204,木耳;蛋,black fungus (wood ear);egg,good,強健骨骼、牙齒,123,吃對食物健康100分
205,木耳;蝦,black fungus (wood ear);shrimp,good,豐潤血色、毛髮,123,吃對食物健康100分
206,木耳;甘藍菜,black fungus (wood ear);chinese kale,bad,誘發甲狀腺腫大,123,吃對食物健康100分
207,木耳;鳳梨,black fungus (wood ear);pineapple,bad,消化不良、反胃,123,吃對食物健康100分
208,香菇;荷蘭芹,mushroom;parsley,good,護眼、抗老、防癌,125,吃對食物健康100分
209,香菇;鯛魚,mushroom;snapper||sea bream,good,消除疲勞,125,吃對食物健康100分
210,香菇;瘦肉,mushroom;lean meat,good,維持皮膚、消化系統健康,125,吃對食物健康100分
211,香菇;酒,mushroom;wine||liqueur,bad,減少維生素D的吸收,125,吃對食物健康100分
212,香菇;紅蕃茄,mushroom;red tomato,bad,破壞類胡蘿蔔素,125,吃對食物健康100分
213,金針菇;蔥,enoki mushroom||enokitake;scallion||green onion,good,有助於消除疲勞,126,吃對食物健康100分
214,金針菇;番茄,enoki mushroom||enokitake;tomato,good,維持體內鹽分的平衡,126,吃對食物健康100分
215,金針菇;生蛤蜊,enoki mushroom||enokitake;raw clam,bad,破壞維生素B1,126,吃對食物健康100分
216,金針菇;羊肉,enoki mushroom||enokitake;lamb||mutton,bad,影響消化能力,126,吃對食物健康100分
217,枇杷;豬肉,loquat;pork,good,幫助類胡蘿蔔素作用,128,吃對食物健康100分
218,枇杷;蘋果,loquat;apple,good,防癌、抗老,128,吃對食物健康100分
219,枇杷;牛奶,loquat;milk,bad,牛奶變性沈澱,128,吃對食物健康100分
220,枇杷;酒,loquat;wine||liqueur,bad,可能產生毒性物質,128,吃對食物健康100分
221,奇異果;松子,kiwi;pine nut,good,促進人體吸收鐵質,129,吃對食物健康100分
222,奇異果;美乃滋,kiwi;mayonnaise,good,養顏美容,129,吃對食物健康100分
223,奇異果;豬肉,kiwi;pork,bad,降低營養價值,129,吃對食物健康100分
224,奇異果;蜂蜜,kiwi;honey,bad,易引起腹瀉,129,吃對食物健康100分
225,鳳梨;洋菜,pineapple;agar,good,促進血液循環,130,吃對食物健康100分
226,鳳梨;蛋,pineapple;egg,good,美白肌膚、消除疲勞,130,吃對食物健康100分
227,鳳梨;蝦,pineapple;shrimp,bad,刺激胃、引起嘔吐,130,吃對食物健康100分
228,鳳梨;香蕉,pineapple;banana,bad,鉀含量過高,130,吃對食物健康100分
229,香蕉;乳酪,banana;cheese,good,防止骨質疏鬆,131,吃對食物健康100分
230,香蕉;花生,banana;peanut,good,提高菸酸鹼含量,131,吃對食物健康100分
231,香蕉;牛奶,banana;milk,bad,不利蛋白質吸收、引起消化不良,131,吃對食物健康100分
232,番茄;蛋,tomato;egg,good,護膚、抗老、防癌,133,吃對食物健康100分
233,番茄;豆腐,tomato;tofu,good,養顏美容、提高免疫力,133,吃對食物健康100分
234,番茄;馬鈴薯,tomato;potato,good,促進血液循環,133,吃對食物健康100分
235,番茄;胡蘿蔔,tomato;carrot,bad,破壞維生素C,133,吃對食物健康100分
236,番茄;豬肝,tomato;pork liver,bad,使維生素C氧化,133,吃對食物健康100分
237,桃子;蘋果,peach;apple,good,刺激腸蠕動、通便,134,吃對食物健康100分
238,桃子;葡萄柚,peach;grapefruit,good,紅潤膚色、預防貧血,134,吃對食物健康100分
239,桃子;火腿,peach;ham,bad,腹瀉、腹脹,134,吃對食物健康100分
240,桃子;枸杞,peach;goji berry||wolfberry,bad,腹瀉、腹脹,134,吃對食物健康100分
241,李子;食鹽,plum;salt,good,維持酸鹼平衡,135,吃對食物健康100分
242,李子;堅果,plum;nut,good,促進兒童成長,135,吃對食物健康100分
243,李子;醋,plum;vinegar,bad,營養成分流失,135,吃對食物健康100分
244,李子;蜂蜜,plum;honey,bad,降低營養價值,135,吃對食物健康100分
245,芒果;玉米;蝦仁,mango;corn;shrimp,good,維持甲狀腺功能正常,137,吃對食物健康100分
246,芒果;牛奶,mango;milk,good,保護眼睛、防癌,137,吃對食物健康100分
247,芒果;乳酪,mango;cheese,good,幫助鈣質吸收、抗壓,137,吃對食物健康100分
248,芒果;牛肝,mango;beef liver,bad,失去營養價值,137,吃對食物健康100分
249,芒果;胡蘿蔔,mango;carrot,bad,營養流失,137,吃對食物健康100分
250,哈密瓜;芹菜,cantaloupe;celery,good,養顏美容,138,吃對食物健康100分
251,哈密瓜;牛奶,cantaloupe;milk,good,預防癌症、心臟病,138,吃對食物健康100分
252,哈密瓜;可樂,cantaloupe;cola,bad,鈣會被消耗掉,138,吃對食物健康100分
253,哈密瓜;醋,cantaloupe;vinegar,bad,流失營養成分,138,吃對食物健康100分
254,香瓜;白木耳,muskmelon;white fungus||white wood ear,good,增強體力、促進發育,139,吃對食物健康100分
255,香瓜;豬肉,muskmelon;pork,bad,減低礦物質吸收,139,吃對食物健康100分
256,香瓜;黃瓜,muskmelon;cucumber,bad,使營養流失,139,吃對食物健康100分
257,櫻桃;哈密瓜,cherry;cantaloupe,good,預防貧血、增加體力,140,吃對食物健康100分
258,櫻桃;食鹽,cherry;salt,good,維持酸鹼平衡,140,吃對食物健康100分
259,櫻桃;堅果,cherry;nut,bad,容易靜脈曲張、瘀血,140,吃對食物健康100分
260,櫻桃;蜂蜜,cherry;honey,bad,失去營養價值,140,吃對食物健康100分
261,荔枝;榛果,lychee;hazelnut,good,可消除疲勞,141,吃對食物健康100分
262,荔枝;燕麥,lychee;oatmeal,good,幫助醣類代謝,141,吃對食物健康100分
263,荔枝;黃瓜,lychee;cucumber,bad,營養成分流失,141,吃對食物健康100分
264,荔枝;豬肝,lychee;pork liver,bad,破壞維生素C,141,吃對食物健康100分
265,西瓜;食鹽,watermelon;salt,good,平衡酸鹼度,142,吃對食物健康100分
266,西瓜;胡蘿蔔,watermelon;carrot,good,維持皮膚健康,142,吃對食物健康100分
267,西瓜;酒,watermelon;wine||liqueur,bad,破壞泛酸造成營養流失,142,吃對食物健康100分
268,西瓜;蜂蜜,watermelon;honey,bad,加速維生素C氧化,142,吃對食物健康100分
269,木瓜;牛奶,papaya;milk,good,有助於吸收蛋白質,143,吃對食物健康100分
270,木瓜;豬肉,papaya;pork,good,有助於吸收蛋白質,143,吃對食物健康100分
271,木瓜;南瓜,papaya;pumpkin,bad,降低營養價值,143,吃對食物健康100分
272,木瓜;牛肝,papaya;beef liver,bad,失去營養價值,143,吃對食物健康100分
273,芭樂;食鹽,guava;salt,good,維持人體酸鹼平衡,145,吃對食物健康100分
274,芭樂;瘦豬肉,guava;lean pork,good,促進人體吸收鐵質,145,吃對食物健康100分
275,芭樂;枇杷,guava;loquat,good,增加食慾、幫助消化,145,吃對食物健康100分
276,芭樂;龍眼乾,guava;dry longan||dried longan,bad,肌肉無力、心律不整,145,吃對食物健康100分
277,芭樂;鮭魚鬆,guava;fried salmon floss||fried salmon fiber,bad,腹痛、腹脹、腹瀉,145,吃對食物健康100分
278,葡萄;芝麻,grape;sesame seed,good,增強抗氧化力,146,吃對食物健康100分
279,葡萄;糯米,grape;glutinous rice||sticky rice,good,預防貧血、消除疲勞,146,吃對食物健康100分
280,葡萄;蘿蔔,grape;radish,bad,抑制人體對碘的吸收力,146,吃對食物健康100分
281,葡萄;蝦,grape;shrimp,bad,引起胃部不適,146,吃對食物健康100分
282,梨子;芝麻,pear;sesame seed,good,調節蛋白質代謝,147,吃對食物健康100分
283,梨子;食鹽,pear;salt,good,維持酸鹼平衡,147,吃對食物健康100分
284,梨子;地瓜,pear;sweet potato,bad,使腸胃不適,147,吃對食物健康100分
285,柿子;葡萄,persimmon;grape,good,有助於攝取維生素C,148,吃對食物健康100分
286,柿子;乳酪,persimmon;cheese,good,有助於鈣的吸收,148,吃對食物健康100分
287,柿子;螃蟹,persimmon;crab,bad,凝固成不易消化的物質,148,吃對食物健康100分
288,柿子;紫菜,persimmon;nori,bad,妨礙鐵質的吸收,148,吃對食物健康100分
289,楊桃;食鹽,carambola;salt,good,平衡人體酸鹼值,149,吃對食物健康100分
290,楊桃;菠菜,carambola;spinach,good,養顏美容、抗老,149,吃對食物健康100分
291,楊桃;黃豆,carambola;soybean,bad,導致消化不良,149,吃對食物健康100分
292,楊桃;牛奶,carambola;milk,bad,影響鈣質吸收,149,吃對食物健康100分
293,蘋果;鮑魚,apple;abalone,good,預防貧血、養顏美容,151,吃對食物健康100分
294,蘋果;豬肉,apple;pork,good,消除疲勞,151,吃對食物健康100分
295,蘋果;胡蘿蔔,apple;carrot,good,保健肌膚、增加抵抗力,151,吃對食物健康100分
296,蘋果;洋蔥,apple;onion,bad,誘發甲狀腺腫,151,吃對食物健康100分
297,蘋果;蜂蜜,apple;honey,bad,可能引起腹瀉,151,吃對食物健康100分
298,橘子;核桃,mandarin orange||tangerine;walnut,good,臉色紅潤好氣色、增強體力,152,吃對食物健康100分
299,橘子;柳丁,mandarin orange||tangerine;orange,good,增強免疫力、預防感冒,152,吃對食物健康100分
300,橘子;白蘿蔔,mandarin orange||tangerine;white radish,bad,抑制對碘的吸收力,152,吃對食物健康100分
301,橘子;牛奶,mandarin orange||tangerine;milk,bad,降低營養價值,152,吃對食物健康100分
302,柳丁;美乃滋,orange;mayonnaise,good,護膚、防癌、抗老,153,吃對食物健康100分
303,柳丁;奶油,orange;butter,good,減少膽固醇吸收,153,吃對食物健康100分
304,柳丁;蝦,orange;shrimp,bad,生成不易消化物質,153,吃對食物健康100分
305,柳丁;豬肉,orange;pork,bad,生成不利消化物質,153,吃對食物健康100分
306,草莓;食鹽,strawberry;salt,good,維持人體酸鹼平衡,155,吃對食物健康100分
307,草莓;美乃滋,strawberry;mayonnaise,good,促進血液循環,155,吃對食物健康100分
308,草莓;榛果,strawberry;hazelnut,good,預防貧血、增強體力,155,吃對食物健康100分
309,草莓;燕麥,strawberry;oatmeal,bad,降低營養價值,155,吃對食物健康100分
310,草莓;地瓜,strawberry;sweet potato,bad,腸胃不適,155,吃對食物健康100分
311,蓮霧;芝麻,wax apple||java apple;sesame seed,good,恢復血氣、消除疲勞,156,吃對食物健康100分
312,蓮霧;優酪乳,wax apple||java apple;yogurt,good,補充鈣質,156,吃對食物健康100分
313,蓮霧;胡蘿蔔,wax apple||java apple;carrot,bad,破壞維生素C,156,吃對食物健康100分
314,蓮霧;蘋果,wax apple||java apple;apple,bad,產生不易消化物質,156,吃對食物健康100分
315,豬肉;大蒜,pork;garlic,good,消除疲勞、提高注意力,160,吃對食物健康100分
316,豬肉;青椒,pork;green bell pepper,good,強健脊椎、消除疲勞疼痛,160,吃對食物健康100分
317,豬肉;紅椒,pork;red bell pepper,good,強健脊椎、消除疲勞疼痛,160,吃對食物健康100分
318,豬肉;白菜,pork;napa cabbage||chinese cabbage,good,補充營養、幫助消化,160,吃對食物健康100分
319,豬肉;蘿蔔,pork;radish,good,增強體力、幫助排泄,160,吃對食物健康100分
320,豬肉;茶,pork;tea,bad,使腸蠕動減慢、吸收有害物質、容易便秘,160,吃對食物健康100分
321,豬肚;白胡椒,pork belly;white pepper,good,治療胃寒，因受寒而虛寒性的胃、十二指腸潰瘍等,161,吃對食物健康100分
322,豬肚;啤酒,pork belly;beer,bad,容易造成痛風,161,吃對食物健康100分
323,豬腸;啤酒,pork intestine;beer,bad,容易造成痛風,161,吃對食物健康100分
324,牛肚;啤酒,beef belly;beer,bad,容易造成痛風,161,吃對食物健康100分
325,豬肝;深色葉菜,pork liver;dark leafy vegetable,good,預防貧血、促進生長,163,吃對食物健康100分
326,豬肝;番茄,pork liver;tomato,good,預防貧血、增強體力,163,吃對食物健康100分
327,豬肝;花椰菜,pork liver;broccoli,bad,影響維生素C和礦物質銅、鐵的吸收,163,吃對食物健康100分
328,豬心;蘋果,pork heart;apple,good,消除疲勞、美麗肌膚,164,吃對食物健康100分
329,豬心;金針菇,pork heart;enoki mushroom||enokitake,good,安眠好入睡,164,吃對食物健康100分
330,豬心;花生,pork heart;peanut,bad,妨礙鋅的吸收,164,吃對食物健康100分
331,豬心;茶葉,pork heart;tea leaf,bad,便秘、影響鐵的吸收,164,吃對食物健康100分
332,豬血;柳橙汁,pork blood||pig blood curd;orange juice,good,幫助鐵質吸收,165,吃對食物健康100分
333,豬血;豆腐;深色葉菜,pork blood||pig blood curd;tofu;dark leafy vegetable,good,預防貧血,165,吃對食物健康100分
334,豬血;牛奶,pork blood||pig blood curd;milk,bad,抑制鐵的吸收,165,吃對食物健康100分
335,豬血;咖啡,pork blood||pig blood curd;coffee,bad,抑制鐵的吸收,165,吃對食物健康100分
336,豬腳;花生,pork shank||pork knuckle||ham hock||pork hock||pork foot;peanut,good,健胸豐乳,166,吃對食物健康100分
337,豬皮;豬腳筋;紅棗,pork crackling||pork rind;pork tendon||pork hamstring;jujube||red date||chinese date,good,養血安神,166,吃對食物健康100分
338,豬腳;黃豆,pork shank||pork knuckle||ham hock||pork hock||pork foot;soybean,bad,降低蛋白質和鈣的吸收,166,吃對食物健康100分
339,火腿;芥花油,ham;canola oil,good,消除疲勞,167,吃對食物健康100分
340,火腿;優酪乳,ham;yogurt,bad,增加致癌的危險,167,吃對食物健康100分
341,火腿;香蕉,ham;banana,bad,增加體內致癌物,167,吃對食物健康100分
342,香腸;青蔥,sausage;scallion||green onion,good,可抑制亞硝胺產生,168,吃對食物健康100分
343,香腸;綠茶,sausage;green tea,good,降低亞硝酸鹽含量,168,吃對食物健康100分
344,香腸;秋刀魚,sausage;pacific saury||mackerel pike,bad,容易在體內產生亞硝胺,168,吃對食物健康100分
345,田雞;大蒜,frog||field chicken;garlic,good,提高免疫力,169,吃對食物健康100分
346,田雞;檸檬,frog||field chicken;lemon,bad,容易造成消化不良,169,吃對食物健康100分
347,田雞;菠菜,frog||field chicken;spinach,bad,降低鈣的吸收率,169,吃對食物健康100分
348,羊肉;豆腐,lamb||mutton;tofu,good,降低膽固醇、預防上火,171,吃對食物健康100分
349,羊肉;醋,lamb||mutton;vinegar,bad,可能造成腹瀉,171,吃對食物健康100分
350,羊肉;西瓜,lamb||mutton;watermelon,bad,易使脾胃功能失調,171,吃對食物健康100分
351,羊肉;茶,lamb||mutton;tea,bad,容易造成便秘,171,吃對食物健康100分
352,牛肉;洋蔥,beef;onion,good,美膚、消除疲勞、健體提神,174,吃對食物健康100分
353,牛肉;青椒,beef;green bell pepper,good,防止動脈硬化、消除疲勞,174,吃對食物健康100分
354,牛肉;芥蘭菜,beef;chinese broccoli||chinese kale,good,預防貧血與頭痛、促進生長發育,174,吃對食物健康100分
355,牛肉;豬肉,beef;pork,bad,容易消化不良,174,吃對食物健康100分
356,牛肉;栗子,beef;chestnut,bad,容易造成腸胃不適,174,吃對食物健康100分
357,牛肉;白酒,beef;white wine,bad,容易形成脂肪肝、上火,174,吃對食物健康100分
358,烏骨雞;竹笙,silkie fowl;bamboo fungus,good,降低膽固醇的吸收,175,吃對食物健康100分
359,烏骨雞;蘋果,silkie fowl;apple,good,除疲勞、肌膚健康,175,吃對食物健康100分
360,烏骨雞;莧菜,silkie fowl;amaranth,bad,影響維生素C吸收,175,吃對食物健康100分
361,烏骨雞;大豆,silkie fowl;soybean,bad,降低食物營養價值,175,吃對食物健康100分
362,老母鴨;薑,duck;ginger root,good,溫暖身體、促進血液循環,177,吃對食物健康100分
363,鴨肉;山藥,duck;chinese yam||common yam,good,消除油膩、健脾止渴、固腎益精,177,吃對食物健康100分
364,鴨肉;胡桃,duck;walnut,bad,營養相互抵銷,177,吃對食物健康100分
365,鴨肉;鯊肉,duck;shark,bad,水腫腹瀉、消化不良,177,吃對食物健康100分
366,鵝肉;花椰菜,goose;broccoli,good,減少飲食中膽固醇的吸收,179,吃對食物健康100分
367,鵝肉;紅蘿蔔,goose;carrot,good,預防癌症、心臟病、維持眼睛與皮膚健康,179,吃對食物健康100分
368,煙燻鵝肉;啤酒,smoked goose||smoke goose;beer,bad,加重肝臟負擔,179,吃對食物健康100分
369,雞肉;青蔥,chicken;scallion||green onion,good,維持健康髮膚、提神醒腦,182,吃對食物健康100分
370,雞肉;青椒,chicken;green bell pepper,good,防止動脈硬化、保持肌膚健康,182,吃對食物健康100分
371,雞肉;高麗菜,chicken;cabbage,good,預防貧血、促進發育,182,吃對食物健康100分
372,雞肉;香菇,chicken;mushroom,good,預防中風及大腸癌,182,吃對食物健康100分
373,雞肉;大蒜,chicken;garlic,bad,滯氣、造成身體不適,182,吃對食物健康100分
374,雞肉;芥末,chicken;mustard||wasabi||horseradish,bad,容易上火、傷元氣,182,吃對食物健康100分
375,鮭魚;洋蔥,salmon;onion,good,消除疲勞、養顏美容,185,吃對食物健康100分
376,鮭魚;豆腐,salmon;tofu,good,增強腦功能、強化骨骼,185,吃對食物健康100分
377,鮭魚;菠菜,salmon;spinach,good,均衡營養、提高免疫力,185,吃對食物健康100分
378,鮭魚;柿子,salmon;persimmon,bad,不利蛋白質吸收,185,吃對食物健康100分
379,鮭魚;生小黃瓜,salmon;raw cucumber,bad,破壞蛋白質吸收,185,吃對食物健康100分
380,鱸魚;南瓜,sea bass||seabass||perch||pike||walleye;pumpkin,good,可預防感冒,187,吃對食物健康100分
381,鱸魚;紅辣椒,sea bass||seabass||perch||pike||walleye;red pepper,good,保護眼睛,187,吃對食物健康100分
382,鱸魚;海帶,sea bass||seabass||perch||pike||walleye;kelp,good,強化骨骼及牙齒,187,吃對食物健康100分
383,鱸魚;蛤蜊,sea bass||seabass||perch||pike||walleye;clam,bad,破壞銅元素的吸收,187,吃對食物健康100分
384,鱸魚;乳酪,sea bass||seabass||perch||pike||walleye;cheese,bad,腹瀉,187,吃對食物健康100分
385,鱈魚;牛奶,cod;milk,good,補充鈣質的不足,188,吃對食物健康100分
386,鱈魚;南瓜,cod;pumpkin,good,預防感冒、肌膚乾裂,188,吃對食物健康100分
387,鱈魚;烤香腸,cod;grilled sausage,bad,造成致癌的可能,188,吃對食物健康100分
388,鱈魚;高鹽食物,cod;salty food,bad,降低鉀的功效,188,吃對食物健康100分
389,鯧魚;牛奶,pomfret;milk,good,促進兒童成長發育,189,吃對食物健康100分
390,鯧魚;南瓜,pomfret;pumpkin,good,補充不足營養素,189,吃對食物健康100分
391,鯧魚;牛油,pomfret;beef tallow||beef lard,bad,增加膽固醇含量,189,吃對食物健康100分
392,鯧魚;溫水,pomfret;warm water,bad,使鮮味消失,189,吃對食物健康100分
393,鮪魚;山藥,tuna;chinese yam||common yam,good,預防動脈硬化,191,吃對食物健康100分
394,鮪魚;花椰菜,tuna;broccoli,good,有益兒童的成長發育,191,吃對食物健康100分
395,鮪魚;蘆筍,tuna;asparagus,good,達到美膚效果,191,吃對食物健康100分
396,鮪魚;生小黃瓜,tuna;raw cucumber,bad,破壞蛋白質吸收,191,吃對食物健康100分
397,鮪魚;葡萄,tuna;grape,bad,影響蛋白質吸收,191,吃對食物健康100分
398,白帶魚;胡蘿蔔,largehead hairtail;carrot,good,提昇記憶力、注意力,192,吃對食物健康100分
399,白帶魚;芝麻,largehead hairtail;sesame seed,good,強化骨骼,192,吃對食物健康100分
400,白帶魚;牛油,largehead hairtail;beef tallow||beef lard,bad,膽固醇增高,192,吃對食物健康100分
401,白帶魚;羊油,largehead hairtail;mutton fat||mutton oil||lamb fat||lamb oil,bad,膽固醇增高,192,吃對食物健康100分
402,白帶魚;牛奶,largehead hairtail;milk,bad,破壞鎂的吸收,192,吃對食物健康100分
403,鰻魚;枸杞,eel;goji berry||wolfberry,good,預防心血管疾病,193,吃對食物健康100分
404,鰻魚;生蔬菜,eel;raw vegetable,good,補充維生素C,193,吃對食物健康100分
405,鰻魚;橘子,eel;mandarin orange||tangerine,bad,影響蛋白質吸收,193,吃對食物健康100分
406,鰻魚;牛肝,eel;beef liver,bad,引發心血管疾病,193,吃對食物健康100分
407,吳郭魚;蔥,tilapia;scallion||green onion,good,滋養強身、穩定精神,195,吃對食物健康100分
408,吳郭魚;豆腐,tilapia;tofu,good,減緩更年期不適,195,吃對食物健康100分
409,吳郭魚;番茄,tilapia;tomato,good,促進生長、增強記憶,195,吃對食物健康100分
410,吳郭魚;菠菜,tilapia;spinach,bad,破壞鈣質的吸收,195,吃對食物健康100分
411,吳郭魚;葡萄,tilapia;grape,bad,降低蛋白質吸收,195,吃對食物健康100分
412,石斑;花椰菜,grouper;broccoli,good,減緩更年期不適,196,吃對食物健康100分
413,石斑;牛奶,grouper;milk,good,強化骨骼、有助發育,196,吃對食物健康100分
414,石斑;木瓜,grouper;papaya,good,幫助蛋白質吸收,196,吃對食物健康100分
415,石斑;柿子,grouper;persimmon,bad,降低蛋白質吸收,196,吃對食物健康100分
416,鱔魚;蓮藕,asian swamp eel;lotus root,good,達到酸鹼平衡,197,吃對食物健康100分
417,鱔魚;豆腐,asian swamp eel;tofu,good,鈣質吸收加倍,197,吃對食物健康100分
418,鱔魚;狗肉,asian swamp eel;dog,bad,引發熱性疾病,197,吃對食物健康100分
419,鱔魚;菠菜,asian swamp eel;spinach,bad,易導致腹瀉,197,吃對食物健康100分
420,螃蟹;蘆筍,crab;asparagus,good,強化骨骼及牙齒,199,吃對食物健康100分
421,螃蟹;豆腐,crab;tofu,good,恢復體力、防止老化,199,吃對食物健康100分
422,螃蟹;青椒,crab;green bell pepper,good,營養均衡、幫助消化,199,吃對食物健康100分
423,螃蟹;茶葉,crab;tea leaf,bad,腸蠕動變慢、便秘,199,吃對食物健康100分
424,螃蟹;牡蠣,crab;oyster,bad,造成血膽固醇升高,199,吃對食物健康100分
425,蝦;南瓜,shrimp;pumpkin,good,預防黑斑及皺紋,202,吃對食物健康100分
426,蝦;麵粉料理,shrimp;flour dish,good,消除疲勞、增強體力,202,吃對食物健康100分
427,蝦;酪梨,shrimp;avocado,good,預防心血管疾病,202,吃對食物健康100分
428,蝦;番茄,shrimp;tomato,good,提昇心臟、肝臟功能,202,吃對食物健康100分
429,蝦;木瓜,shrimp;papaya,good,幫助蛋白質吸收,202,吃對食物健康100分
430,蝦;柿子,shrimp;persimmon,bad,降低蛋白質吸收、刺激腸胃,202,吃對食物健康100分
431,蝦;果汁,shrimp;juice,bad,造成腹漲和腹痛,202,吃對食物健康100分
432,牡蠣;菠菜,oyster;spinach,good,減緩更年期不適,203,吃對食物健康100分
433,牡蠣;牛奶,oyster;milk,good,強化骨骼、助發育,203,吃對食物健康100分
434,牡蠣;蠶豆,oyster;broad bean,bad,降低鋅的吸收,203,吃對食物健康100分
435,牡蠣;鹽,oyster;salt,bad,易攝取過量鈉,203,吃對食物健康100分
436,蛤蜊;薑,clam;ginger root,good,退火解熱、殺菌,205,吃對食物健康100分
437,蛤蜊;菠菜,clam;spinach,good,改善貧血、促進發育,205,吃對食物健康100分
438,蛤蜊;胡蘿蔔,clam;carrot,good,保護眼睛、增進視力,205,吃對食物健康100分
439,蛤蜊;牡蠣,clam;oyster,bad,破壞鐵的吸收,205,吃對食物健康100分
440,魷魚;辣椒,squid;chili pepper,good,均衡營養、幫助消化,206,吃對食物健康100分
441,魷魚;玉米,squid;corn,good,提昇維生素B6功效,206,吃對食物健康100分
442,魷魚;茶,squid;tea,bad,降低蛋白質吸收,206,吃對食物健康100分
443,魷魚;番茄醬,squid;ketchup,bad,加重腎臟負擔,206,吃對食物健康100分
444,透柚;南瓜,pomelo;pumpkin,good,護眼、增進視力,207,吃對食物健康100分
445,透柚;花椰菜,pomelo;broccoli,good,預防感冒、助消化,207,吃對食物健康100分
446,透柚;酸性果汁,pomelo;acidic juice||sour juice,bad,破壞蛋白質吸收,207,吃對食物健康100分
447,螺;胡蘿蔔,winkle fish;carrot,good,保護眼睛、增進視力,208,吃對食物健康100分
448,螺;奶油,winkle fish;butter,good,促進鈣質吸收,208,吃對食物健康100分
449,螺;橘子,winkle fish;mandarin orange||tangerine,bad,影響胃腸消化,208,吃對食物健康100分
450,螺;蛤蜊,winkle fish;clam,bad,刺激腸胃、腹瀉,208,吃對食物健康100分
451,九孔;花椰菜,variously coloured abalone;broccoli,good,美化皮膚,209,吃對食物健康100分
452,九孔;牛奶,variously coloured abalone;milk,good,促進發育、減緩更年期不適,209,吃對食物健康100分
453,九孔;橘子,variously coloured abalone;mandarin orange||tangerine,bad,易形成結石,209,吃對食物健康100分
454,九孔;牡蠣,variously coloured abalone;oyster,bad,影響鐵質的吸收,209,吃對食物健康100分
455,海參;羊肉,sea cucumber;lamb||mutton,good,強身健體、補充體力,210,吃對食物健康100分
456,海參;木耳,sea cucumber;black fungus (wood ear),good,有益筋骨、排便,210,吃對食物健康100分
457,海參;柿子,sea cucumber;persimmon,bad,腹痛、噁心、嘔吐,210,吃對食物健康100分
458,海帶;鯛魚,kelp;snapper||sea bream,good,預防慢性病,211,吃對食物健康100分
459,海帶;毛豆,kelp;edamame,good,改善便秘、降血壓,211,吃對食物健康100分
460,海帶;茶,kelp;tea,bad,影響鐵、鈣的吸收,211,吃對食物健康100分
461,海帶;菠菜,kelp;spinach,bad,易在體內形成結石,211,吃對食物健康100分
462,紫菜;蜂蜜,nori;honey,good,有益呼吸道,212,吃對食物健康100分
463,紫菜;烏賊,nori;cuttlefish||squid,good,美容、強化體質,212,吃對食物健康100分
464,紫菜;柿子,nori;persimmon,bad,影響鈣質吸收,212,吃對食物健康100分
465,紫菜;深色葉菜,nori;dark leafy vegetable,bad,易形成結石,212,吃對食物健康100分
466,雞蛋;番茄,egg;tomato,good,健美抗癌老,216,吃對食物健康100分
467,雞蛋;蔬菜,egg;vegetable,good,促進營養均衡,216,吃對食物健康100分
468,雞蛋;絲瓜,egg;sponge gourd||loofah,good,解熱消毒、補血通乳,216,吃對食物健康100分
469,雞蛋;大豆,egg;soybean,good,蛋白營養加倍,216,吃對食物健康100分
470,雞蛋;橘子,egg;mandarin orange||tangerine,bad,消化不良,216,吃對食物健康100分
471,雞蛋;茶葉,egg;tea leaf,bad,影響營養素的吸收,216,吃對食物健康100分
472,雞蛋;味精,egg;MSG,bad,影響雞蛋的原味,216,吃對食物健康100分
473,鹹蛋;苦瓜,salted egg;bitter melon||bitter gourd,good,提昇鈣質吸收,217,吃對食物健康100分
474,鹹蛋;節瓜,salted egg;jointed wax gourd||zucchini,good,消暑、鈣質加倍,217,吃對食物健康100分
475,鹹蛋;蔥,salted egg;scallion||green onion,bad,易造成草酸鈣結石,217,吃對食物健康100分
476,鹹蛋;碳酸飲料,salted egg;carbonated drink||carbonate drink,bad,影響鈣質吸收,217,吃對食物健康100分
477,皮蛋;番茄,century egg||preserved egg||preserve egg;tomato,good,消暑止渴、改善小便黃,218,吃對食物健康100分
478,皮蛋;青椒,century egg||preserved egg||preserve egg;green bell pepper,good,促進消化、養顏美容,218,吃對食物健康100分
479,皮蛋;紅茶,century egg||preserved egg||preserve egg;black tea,bad,影響鐵質的吸收,218,吃對食物健康100分
480,皮蛋;貝類,century egg||preserved egg||preserve egg;shellfish,bad,影響鐵質的吸收,218,吃對食物健康100分
481,冰牛奶;蜂蜜,cold milk;honey,good,增強免疫力,219,吃對食物健康100分
482,牛奶;木瓜,milk;papaya,good,美容護膚,219,吃對食物健康100分
483,牛奶;韭菜,milk;garlic chive||chinese leek||chinese chive,bad,降低鈣質吸收,219,吃對食物健康100分
484,牛奶;酸性果汁,milk;acidic juice||sour juice,bad,降低營養價值,219,吃對食物健康100分
485,乳酪;柑橘類,cheese;citrus,good,有益鈣質吸收,220,吃對食物健康100分
486,乳酪;鮭魚,cheese;salmon,good,強化骨骼及牙齒,220,吃對食物健康100分
487,乳酪;深色葉菜,cheese;dark leafy vegetable,bad,易形成草酸性結石,220,吃對食物健康100分
488,乳酪;羊肉,cheese;lamb||mutton,bad,口味功效皆不合,220,吃對食物健康100分
489,優酪乳;綠茶粉,yogurt;green tea powder,good,保健效果加倍,221,吃對食物健康100分
490,優酪乳;草莓,yogurt;strawberry,good,美化膚質、瘦身,221,吃對食物健康100分
491,優酪乳;香腸,yogurt;sausage,bad,易產生致癌物質,221,吃對食物健康100分
492,優酪乳;火腿,yogurt;ham,bad,易產生致癌物質,221,吃對食物健康100分
493,優酪乳;深色葉菜,yogurt;dark leafy vegetable,bad,易形成結石,221,吃對食物健康100分
494,豆腐;魚,tofu;fish,good,提高20倍鈣的吸收量,223,吃對食物健康100分
495,豆腐;雞蛋,tofu;egg,good,增進蛋白質的吸收,223,吃對食物健康100分
496,豆腐;海帶,tofu;kelp,good,維持甲狀腺功能,223,吃對食物健康100分
497,豆腐;菠菜,tofu;spinach,bad,易形成草酸性結石,223,吃對食物健康100分
498,豆腐;碳酸飲料,tofu;carbonated drink||carbonate drink,bad,降低鈣的吸收,223,吃對食物健康100分
499,黃豆;糙米,soybean;brown rice,good,營養均衡、功效加倍,224,吃對食物健康100分
500,黃豆;雞蛋,soybean;egg,good,蛋白質營養加倍,224,吃對食物健康100分
501,黃豆;優酪乳,soybean;yogurt,bad,影響鈣質吸收,224,吃對食物健康100分
502,黃豆;豬肉,soybean;pork,bad,降低營養素價值,224,吃對食物健康100分
503,豆漿;酪梨,soy milk||soymilk;avocado,good,維生素B群加倍,225,吃對食物健康100分
504,豆漿;白米,soy milk||soymilk;white rice,good,優質蛋白質加倍,225,吃對食物健康100分
505,豆漿;生雞蛋,soy milk||soymilk;raw egg,bad,容易引發腸胃炎,225,吃對食物健康100分
506,豆漿;紅糖,soy milk||soymilk;brown sugar,bad,降低營養價值,225,吃對食物健康100分
507,紅豆;百合,azuki bean||adzuki bean;lily bulb||lily bud,good,補充氣血、健康加分,226,吃對食物健康100分
508,紅豆;紫米,azuki bean||adzuki bean;black rice,good,婦女補血聖品,226,吃對食物健康100分
509,紅豆;茶,azuki bean||adzuki bean;tea,bad,降低鐵質的吸收,226,吃對食物健康100分
510,紅豆;羊肉,azuki bean||adzuki bean;lamb||mutton,bad,降低溫補功效,226,吃對食物健康100分
511,綠豆;薏仁,mung bean||green gram;job's tear||pearl barley,good,維生素B1倍增,227,吃對食物健康100分
512,綠豆;南瓜,mung bean||green gram;pumpkin,good,保健功效加分,227,吃對食物健康100分
513,綠豆;魚,mung bean||green gram;fish,bad,破壞維生素B1吸收,227,吃對食物健康100分
514,綠豆;羊肉,mung bean||green gram;lamb||mutton,bad,降低溫補功效,227,吃對食物健康100分
515,花豆;地瓜,runner bean||kidney bean||pinto bean;sweet potato,good,維生素充足豐富,228,吃對食物健康100分
516,花豆;紅豆,runner bean||kidney bean||pinto bean;azuki bean||adzuki bean,good,促進生長發育,228,吃對食物健康100分
517,花豆;咖啡,runner bean||kidney bean||pinto bean;coffee,bad,破壞維生素B1的營養,228,吃對食物健康100分
518,花豆;乳酪,runner bean||kidney bean||pinto bean;cheese,bad,造成鉀元素的流失,228,吃對食物健康100分
519,蔥;豬肉,scallion||green onion;pork,good,增強體力、預防老年癡呆,231,吃對食物健康100分
520,蔥;紅棗,scallion||green onion;jujube||red date||chinese date,good,維生素C的營養加倍,231,吃對食物健康100分
521,蔥;毛豆,scallion||green onion;edamame,good,安定神經、改善失眠,231,吃對食物健康100分
522,蔥;豆腐,scallion||green onion;tofu,bad,易形成草酸性結石,231,吃對食物健康100分
523,蔥;蜂蜜,scallion||green onion;honey,bad,易造成腹瀉,231,吃對食物健康100分
524,薑;醋,ginger root;vinegar,good,減緩噁心、嘔吐症狀,233,吃對食物健康100分
525,薑;皮蛋,ginger root;century egg||preserved egg||preserve egg,good,延緩老化、保持青春,233,吃對食物健康100分
526,薑;蟹,ginger root;crab,good,袪寒、殺菌、解毒,233,吃對食物健康100分
527,薑;酒,ginger root;wine||liqueur,bad,容易造成火氣大,233,吃對食物健康100分
528,薑;兔肉,ginger root;rabbit,bad,易導致腹瀉,233,吃對食物健康100分
529,大蒜;花椰菜,garlic;broccoli,good,防癌效果加倍,235,吃對食物健康100分
530,大蒜;豬肉,garlic;pork,good,增強體力、幫助腦部發育,235,吃對食物健康100分
531,大蒜;小黃瓜,garlic;cucumber,good,瘦身養顏抗老化,235,吃對食物健康100分
532,大蒜;芒果,garlic;mango,bad,對胃腸不適,235,吃對食物健康100分
533,大蒜;羊肉,garlic;lamb||mutton,bad,易造成體內燥熱,235,吃對食物健康100分
534,辣椒;烏賊,chili pepper;cuttlefish||squid,good,降低血壓及膽固醇,236,吃對食物健康100分
535,辣椒;綠葉蔬菜,chili pepper;green leafy vegetable,good,預防癌症及動脈硬化,236,吃對食物健康100分
536,辣椒;生胡蘿蔔,chili pepper;raw carrot,bad,破壞維生素C的營養,236,吃對食物健康100分
537,辣椒;豬肝,chili pepper;pork liver,bad,破壞維生素C的功效,236,吃對食物健康100分
538,芥末油;西芹,mustard oil;celery,good,養顏美容、增加免疫系統,237,吃對食物健康100分
539,芥末油;菠菜,mustard oil;spinach,good,促進食慾、改善貧血,237,吃對食物健康100分
540,芥末;雞肉,mustard||wasabi||horseradish;chicken,bad,火氣大,237,吃對食物健康100分
541,香菜;豆腐,parsley||coriander||cilantro;tofu,good,預防更年期障礙,238,吃對食物健康100分
542,香菜;豬瘦肉,parsley||coriander||cilantro;lean pork,good,預防貧血、補充鐵質,238,吃對食物健康100分
543,香菜;生黃瓜,parsley||coriander||cilantro;raw cucumber,bad,破壞維生素C的營養,238,吃對食物健康100分
544,香菜;生胡蘿蔔,parsley||coriander||cilantro;raw carrot,bad,營養價值降低,238,吃對食物健康100分
545,九層塔;蛋,basil;egg,good,改善經期不順,239,吃對食物健康100分
546,九層塔;茄子,basil;eggplant,good,抗老化,239,吃對食物健康100分
547,九層塔;香菜,basil;parsley||coriander||cilantro,bad,易造成黑色素沉,239,吃對食物健康100分
548,九層塔;咖哩,basil;curry,bad,易造成早產,239,吃對食物健康100分
549,咖哩;馬鈴薯,curry;potato,good,營養素均衡,241,吃對食物健康100分
550,咖哩;洋蔥,curry;onion,good,調節血壓、祛寒,241,吃對食物健康100分
551,咖哩;胡蘿蔔,curry;carrot,good,維生素A營養加倍,241,吃對食物健康100分
552,咖哩;羊肉,curry;lamb||mutton,bad,容易火氣大、造成便秘,241,吃對食物健康100分
553,黑胡椒;牛肉,black pepper;beef,good,增進食慾、祛寒補血,242,吃對食物健康100分
554,胡椒;豬肝,pepper;pork liver,good,增強造血機能,242,吃對食物健康100分
555,胡椒;酒,pepper;wine||liqueur,bad,引發腸胃道疾病,242,吃對食物健康100分
556,胡椒;芥末,pepper;mustard||wasabi||horseradish,bad,刺激眼睛和消化道,242,吃對食物健康100分
557,花椒;豆腐,bunge prickly ash||bunge pricklyash;tofu,good,解毒健胃、補充鈣質,243,吃對食物健康100分
558,花椒;豬瘦肉,bunge prickly ash||bunge pricklyash;lean pork,good,去腥開胃、補充鐵質,243,吃對食物健康100分
559,花椒;羊肉,bunge prickly ash||bunge pricklyash;lamb||mutton,bad,火氣大、便秘,243,吃對食物健康100分
560,醋;骨頭湯,vinegar;bone broth,good,增加鈣質吸收,245,吃對食物健康100分
561,醋;芝麻,vinegar;sesame seed,good,幫助鐵質鈣質吸收,245,吃對食物健康100分
562,醋;酒,vinegar;wine||liqueur,bad,造成胃發炎,245,吃對食物健康100分
563,醋;胡蘿蔔,vinegar;carrot,bad,破壞類胡蘿蔔素,245,吃對食物健康100分
564,醋;綠色青菜,vinegar;green vegetable,bad,破壞青菜的營養價值,245,吃對食物健康100分
565,黑糖;紅豆,brown sugar;azuki bean||adzuki bean,good,補充鐵質、預防貧血,246,吃對食物健康100分
566,黑糖;龍眼乾,brown sugar;dry longan||dried longan,good,減緩月經不適,246,吃對食物健康100分
567,黑糖;生蚵,brown sugar;raw clam,bad,影響維生素B1的吸收,246,吃對食物健康100分
568,黑糖;咖啡,brown sugar;coffee,bad,破壞維生素B1的營養,246,吃對食物健康100分
569,咖啡;巧克力,coffee;chocolate,good,心情愉快、撫慰憂慮,249,吃對食物健康100分
570,咖啡;酒,coffee;wine||liqueur,bad,增加腦部傷害與心血管的負擔,249,吃對食物健康100分
571,咖啡;菠菜,coffee;spinach,bad,使鐵質的吸收降低,249,吃對食物健康100分
572,茶;芭樂,tea;guava,good,清除自由基,251,吃對食物健康100分
573,茶;雞排,tea;chicken cutlet||chicken steak,bad,影響鐵質吸收,251,吃對食物健康100分
574,茶;酒,tea;wine||liqueur,bad,快速酒醉、影響腎功能,251,吃對食物健康100分
575,紅酒;牛排,red wine;steak,good,減少動脈硬化、去油膩,253,吃對食物健康100分
576,紅酒;南瓜,red wine;pumpkin,good,抗氧化,253,吃對食物健康100分
577,紅酒;花椰菜,red wine;broccoli,good,保護肝臟,253,吃對食物健康100分
578,紅酒;純巧克力,red wine;raw chocolate,good,促進新陳代謝,253,吃對食物健康100分
579,紅酒;芥末醬,red wine;mustard,bad,紅酒變無味,253,吃對食物健康100分
580,啤酒;牛奶,beer;milk,good,緩和酒精的吸收,254,吃對食物健康100分
581,啤酒;煙燻臘肉,beer;smoked bacon,bad,加重肝臟負擔,254,吃對食物健康100分
582,啤酒;螃蟹,beer;crab,bad,容易引起腹瀉,254,吃對食物健康100分
583,可樂;檸檬;薑,cola;lemon;ginger root,good,暖胃、驅風寒,255,吃對食物健康100分
584,可樂;鹽;水,cola;salt;water,good,補充電解質,255,吃對食物健康100分
585,可樂;烤肉,cola;barbeque (BBQ),bad,提高致癌風險,255,吃對食物健康100分
